"","Albany NY","Albuquerque NM","Arlington VA","Atlanta GA","Austin TX","Baltimore MD","Baton Rouge LA","Beaverton OR","Bellevue WA","Berkeley CA","Birmingham AL","Boise ID","Boston MA","Buffalo NY","Cary NC","Charlotte NC","Chicago IL","Cleveland OH","Colorado Springs CO","Columbia SC","Columbus OH","Dallas TX","Dayton OH","Denver CO","Des Moines IA","Durham NC","Eugene OR","Fort Worth TX","Fresno CA","Gainesville FL","Grand Rapids MI","Greensboro NC","Greenville SC","Houston TX","Indianapolis IN","Irvine CA","Irving TX","Jackson MS","Jacksonville FL","Kansas City MO","Knoxville TN","Las Vegas NV","Lexington KY","Lincoln NE","Little Rock AR","Los Angeles CA","Lubbock TX","Madison WI","Memphis TN","Mesa AZ","Miami FL","Milwaukee WI","Nashville TN","New Orleans LA","New York NY","Newark NJ","Norfolk VA","Oakland CA","Oklahoma City OK","Omaha NE","Orlando FL","Philadelphia PA","Phoenix AZ","Pittsburgh PA","Plano TX","Portland OR","Providence RI","Raleigh NC","Reno NV","Reston VA","Richmond VA","Rochester NY","Roswell GA","Sacramento CA","Saint Louis MO","Saint Paul MN","Salt Lake City UT","San Antonio TX","San Diego CA","San Francisco CA","San Jose CA","Santa Clara CA","Scottsdale AZ","Seattle WA","Somerville MA","Spokane WA","Springfield MO","State College PA","Sunnyvale CA","Tampa FL","Tempe AZ","Tucson AZ","Tulsa OK","WASHINGTON DC","Wichita KS"
"Albany NY",NA,3317.511,594.937,1615.223,2965.304,530.044,2386.167,4718.26,4632.7,4706.703,1745.238,4019.221,270.49,463.942,1026.953,1233.516,1313.831,760.109,2976.814,1380.016,980.859,2651.102,1091.56,2904.064,1823.573,1001.058,4728.22,2702.284,4734.132,1832.194,1077.028,1096.28,1385.974,2817.639,1259.313,4527.782,2670.573,2126.107,1721.878,2034.782,1334.879,4100.869,1283.596,2125.119,2143.042,4531.812,3006.552,1556.861,1924.432,3970.756,2277.704,1459.111,1586.366,2296.209,240.831,235.759,805.356,4712.644,2451.073,2046.055,1949.08,368.563,3992.649,738.829,2653.286,4704.368,263.003,1007.904,4372.762,613.874,760.265,362.399,NA,NA,NA,NA,NA,NA,NA,NA,NA,NA,NA,NA,NA,NA,NA,NA,NA,NA,NA,NA,NA,NA,NA
"Albuquerque NM",NA,NA,3018.867,2232.805,1115.456,2990.704,1726.062,2202.427,2301.106,1739.28,1998.115,1503.388,3585.267,2862.548,2814.068,2612.583,2147.435,2567.398,605.662,2577.206,2342.464,1033.822,2247.819,715.88,1578.225,2786.166,2212.387,998.265,1471.66,2607.454,2386.134,2703.071,2466.007,1351.969,2059.964,1265.31,1021.71,1682.178,2631.349,1262.96,2246.218,922.939,2212.578,1336.829,1411.444,1269.34,512.75,2044.859,1618.104,655.667,3139.955,2269.576,1958.11,1847.594,3198.859,3183.994,3092.853,1736.461,870.053,1416.569,2779.581,3095,677.561,2638.48,1034.936,2188.535,3489.082,2823.167,1643.141,3005.532,2944.014,2973.661,NA,NA,NA,NA,NA,NA,NA,NA,NA,NA,NA,NA,NA,NA,NA,NA,NA,NA,NA,NA,NA,NA,NA
"Arlington VA",NA,NA,NA,1022.538,2442.556,73.266,1826.122,4530.482,4444.922,4518.926,1185.193,3831.443,716.874,616.379,436.66,634.662,1126.053,599.578,2642.456,765.576,644.29,2128.354,757.202,2667.449,1635.796,410.764,4540.442,2179.536,4487.849,1241.9,1056.858,493.65,793.289,2257.594,924.955,4281.499,2147.825,1566.062,1131.584,1700.423,774.834,3870.452,865.652,1937.342,1620.294,4285.53,2683.429,1369.083,1401.684,3671.857,1687.411,1271.334,1061.647,1736.164,375.299,360.777,309.146,4524.866,2152.174,1858.278,1358.787,233.804,3693.75,394.083,2130.538,4516.591,663.691,417.611,4184.984,26.983,169.971,611.763,NA,NA,NA,NA,NA,NA,NA,NA,NA,NA,NA,NA,NA,NA,NA,NA,NA,NA,NA,NA,NA,NA,NA
"Atlanta GA",NA,NA,NA,NA,1482.135,1099.541,844.451,4196.763,4236.484,3967.468,235.707,3497.724,1770.123,1437.042,645.639,392.33,1153.026,1141.892,2228.465,345.362,913.269,1257.306,826.301,2253.458,1449.134,617.737,4206.724,1313.094,3699.847,532.481,1271.465,533.816,234.159,1275.923,858.283,3493.497,1276.776,613.839,556.463,1286.433,344.158,3151.127,611.844,1602.367,832.291,3497.527,1813.342,1394.16,616.515,2971.167,1064.982,1307.701,398.903,754.667,1416.427,1401.562,911.384,3964.648,1364.171,1593.13,704.608,1260.079,2970.34,1101.641,1274.245,4182.872,1706.65,654.737,3851.265,1042.741,857.007,1548.154,NA,NA,NA,NA,NA,NA,NA,NA,NA,NA,NA,NA,NA,NA,NA,NA,NA,NA,NA,NA,NA,NA,NA
"Austin TX",NA,NA,NA,NA,NA,2512.095,695.123,3318.337,3417.016,2817.929,1249.84,2619.298,3157.427,2511.959,2126.77,1873.462,1803.169,2216.809,1363.558,1826.489,1988.186,314.99,1901.217,1473.776,1496.273,2098.868,3594.867,305.131,2567.964,1635.475,2041.868,2014.947,1715.29,261.403,1761.889,2193.603,328.638,871.984,1659.37,1181.009,1670.731,2036.074,1722.37,1322.195,827.869,2216.559,599.067,1962.908,1042.617,1618.941,2167.976,1925.311,1382.623,818.245,2803.732,2788.866,2392.515,2815.11,624.798,1352.459,1807.602,2673.559,1618.113,2281.68,345.403,3304.445,3093.954,2135.869,2756.276,2430.045,2368.527,2623.071,NA,NA,NA,NA,NA,NA,NA,NA,NA,NA,NA,NA,NA,NA,NA,NA,NA,NA,NA,NA,NA,NA,NA
"Baltimore MD",NA,NA,NA,NA,NA,NA,1895.809,4536.264,4450.704,4524.708,1254.88,3837.226,643.517,581.506,505.295,703.298,1131.836,605.36,2648.238,834.212,650.072,2198.041,762.984,2673.231,1641.578,479.4,4546.225,2249.223,4458.172,1310.536,1062.64,562.286,861.925,2327.281,930.737,4251.822,2217.512,1635.749,1200.22,1706.206,844.521,3876.234,867.13,1943.124,1689.981,4255.853,2677.976,1374.866,1471.371,3642.18,1756.046,1277.116,1131.334,1805.851,301.942,287.42,377.782,4530.648,2122.497,1864.06,1427.423,160.446,3664.073,399.866,2200.225,4522.373,590.333,486.247,4190.767,90.558,238.607,544.033,NA,NA,NA,NA,NA,NA,NA,NA,NA,NA,NA,NA,NA,NA,NA,NA,NA,NA,NA,NA,NA,NA,NA
"Baton Rouge LA",NA,NA,NA,NA,NA,NA,NA,3994.379,4093.058,3524.584,640.58,3295.341,2539.05,2076.869,1488.142,1234.834,1468.508,1781.719,1848.077,1180.048,1553.096,689.964,1466.128,1958.295,1601.872,1460.24,4004.34,745.753,3193.922,944.472,1696.356,1376.32,1076.663,437.495,1357.587,2900.257,709.435,277.478,968.367,1226.455,1052.354,2645.202,1287.28,1537.64,552.717,2923.213,1246,1642.588,613.355,2325.595,1476.973,1613.295,944.519,128.864,2185.355,2170.49,1792.616,3521.764,1017.629,1528.403,1116.599,2055.182,2324.768,1846.59,706.903,3980.488,2475.577,1497.241,3365.404,1811.668,1699.511,2187.981,NA,NA,NA,NA,NA,NA,NA,NA,NA,NA,NA,NA,NA,NA,NA,NA,NA,NA,NA,NA,NA,NA,NA
"Beaverton OR",NA,NA,NA,NA,NA,NA,NA,NA,295.915,1000.717,4007.158,705.406,4983.334,4260.614,4613.168,4444.609,3424.55,3957.307,2120.095,4499.381,3899.344,3279.585,3804.698,2010.499,2891.104,4585.266,171.819,3244.028,1203.247,4721.989,3683.32,4502.172,4345.897,3662.659,3617.504,1608.088,3267.473,3954.336,4745.971,2902.915,4078.243,1568.743,3839.856,2594.457,3547.083,1543.914,2715.243,3228.763,3627.147,2167.619,5254.491,3336.379,3793.025,4093.357,4674.643,4658.016,4767.854,1006.658,3085.357,2674.197,4894.116,4625.047,2141.06,4145.167,3280.7,13.653,4960.349,4622.267,853.861,4530.39,4619.015,4371.727,NA,NA,NA,NA,NA,NA,NA,NA,NA,NA,NA,NA,NA,NA,NA,NA,NA,NA,NA,NA,NA,NA,NA
"Bellevue WA",NA,NA,NA,NA,NA,NA,NA,NA,NA,1287.822,4051.148,801.845,4889.678,4166.959,4608.305,4488.599,3312.22,3863.651,2216.534,4543.371,3886.823,3376.024,3792.178,2106.938,2817.915,4580.403,458.924,3340.467,1490.352,4765.98,3401.669,4497.308,4389.888,3759.098,3555.103,1895.193,3363.912,4050.775,4789.961,2946.906,4122.233,1801.92,3868.734,2690.896,3643.522,1831.018,2811.682,3088.533,3671.137,2304.788,5298.481,3196.149,3837.015,4189.796,4580.987,4564.36,4733.379,1293.762,3181.796,2660.567,4938.107,4531.392,2278.229,4051.511,3377.139,282.732,4866.693,4617.404,1140.965,4436.734,4594.205,4278.071,NA,NA,NA,NA,NA,NA,NA,NA,NA,NA,NA,NA,NA,NA,NA,NA,NA,NA,NA,NA,NA,NA,NA
"Berkeley CA",NA,NA,NA,NA,NA,NA,NA,NA,NA,NA,3731.563,1013.093,4971.95,4249.23,4547.516,4346.032,3413.166,3945.922,2108.711,4310.654,3887.96,2767.27,3793.314,1999.115,2879.719,4519.614,836.294,2731.713,291.248,4463.263,3671.936,4436.52,4199.455,3089.191,3606.12,666.715,2755.158,3415.626,4487.158,2891.531,3979.666,901.321,3828.472,2583.073,3144.892,602.54,2246.198,3346.805,3351.552,1226.246,4995.765,3480.122,3691.558,3646.033,4663.258,4646.632,4756.47,8.233,2603.502,2662.812,4635.39,4613.663,1199.687,4133.783,2768.385,1006.505,4948.965,4556.615,335.465,4519.006,4607.631,4360.343,NA,NA,NA,NA,NA,NA,NA,NA,NA,NA,NA,NA,NA,NA,NA,NA,NA,NA,NA,NA,NA,NA,NA
"Birmingham AL",NA,NA,NA,NA,NA,NA,NA,NA,NA,NA,NA,3310.891,1900.094,1441.759,880.995,627.687,1066.363,1146.61,2113.115,580.714,917.987,1025.59,831.018,2138.108,1362.471,853.093,4019.89,1081.379,3465.394,670.456,1184.802,769.172,469.515,1073.655,771.62,3259.044,1045.061,382.124,694.437,1104.349,413.398,2916.674,652.171,1415.534,597.839,3263.074,1581.626,1307.497,382.063,2739.452,1202.957,1221.038,309.41,552.225,1546.399,1531.533,1146.74,3730.196,1129.719,1406.297,842.583,1416.226,2738.624,1204.205,1042.529,3996.038,1836.621,890.094,3636.876,1172.712,1092.363,1552.872,NA,NA,NA,NA,NA,NA,NA,NA,NA,NA,NA,NA,NA,NA,NA,NA,NA,NA,NA,NA,NA,NA,NA
"Boise ID",NA,NA,NA,NA,NA,NA,NA,NA,NA,NA,NA,NA,4292.089,3569.369,3921.923,3753.364,2733.305,3266.061,1428.849,3808.135,3208.098,2588.34,3113.453,1319.254,2199.858,3894.021,714.275,2552.783,1158.982,4030.744,2992.074,3810.926,3654.652,2971.413,2926.259,1441.148,2576.228,3263.09,4054.726,2211.67,3386.998,1014.236,3148.611,1903.212,2855.838,1445.179,2023.998,2666.944,2935.901,1517.104,4563.245,2800.261,3101.779,3402.112,3983.397,3966.771,4076.609,1017.016,2394.112,1982.951,4202.871,3933.802,1490.545,3453.922,2589.455,690.424,4269.104,3931.022,677.134,3839.144,3927.77,3680.482,NA,NA,NA,NA,NA,NA,NA,NA,NA,NA,NA,NA,NA,NA,NA,NA,NA,NA,NA,NA,NA,NA,NA
"Boston MA",NA,NA,NA,NA,NA,NA,NA,NA,NA,NA,NA,NA,NA,733.509,1147.884,1391.156,1583.397,1029.676,3246.38,1476.801,1250.425,2846.038,1361.127,3173.63,2093.14,1121.989,4997.786,2897.221,5003.698,1953.125,1346.595,1204.875,1543.614,2975.278,1528.88,4797.348,2865.509,2283.747,1842.809,2304.348,1492.518,4370.436,1490.452,2394.686,2337.978,4801.378,3276.119,1826.427,2119.369,4240.322,2398.635,1728.678,1779.332,2453.848,346.566,361.56,926.287,4982.21,2720.639,2315.622,2070.011,493.827,4262.216,921.577,2848.222,4973.935,80.807,1128.835,4642.328,734.805,881.196,631.965,NA,NA,NA,NA,NA,NA,NA,NA,NA,NA,NA,NA,NA,NA,NA,NA,NA,NA,NA,NA,NA,NA,NA
"Buffalo NY",NA,NA,NA,NA,NA,NA,NA,NA,NA,NA,NA,NA,NA,NA,1041.101,1054.602,858.562,304.841,2521.546,1201.101,525.591,2195.834,636.292,2448.795,1368.305,1015.206,4272.952,2247.016,4278.863,1779.122,619.997,1021.266,1207.06,2381.86,804.045,4072.513,2215.304,1795.542,1668.806,1579.513,1098.599,3645.601,828.328,1669.851,1687.773,4076.544,2551.284,1101.593,1469.164,3515.487,2224.633,1003.843,1131.097,1987.239,600.92,584.293,913.587,4257.375,1995.804,1590.787,1896.009,602.498,3537.381,345.49,2198.018,4249.1,722.676,1022.052,3917.494,616.942,774.413,NA,NA,NA,NA,NA,NA,NA,NA,NA,NA,NA,NA,NA,NA,NA,NA,NA,NA,NA,NA,NA,NA,NA,NA
"Cary NC",NA,NA,NA,NA,NA,NA,NA,NA,NA,NA,NA,NA,NA,NA,NA,254.764,1294.767,906.528,2653.629,377.239,763.951,1899.726,813.93,2678.622,1762.986,30.623,4631.887,1955.514,4283.005,853.563,1278.082,113.753,413.392,1918.135,1003.301,4076.655,1919.196,1256.259,743.247,1711.596,569.989,3734.284,785.078,2027.53,1415.449,4080.685,2455.762,1531.1,1196.84,3467.012,1299.073,1449.442,856.802,1396.879,813.294,798.772,311.631,4547.806,1947.329,2018.293,970.45,671.799,3488.906,799.074,1916.665,4608.035,1101.686,13.952,4276.429,453.404,268.727,NA,NA,NA,NA,NA,NA,NA,NA,NA,NA,NA,NA,NA,NA,NA,NA,NA,NA,NA,NA,NA,NA,NA,NA
"Charlotte NC",NA,NA,NA,NA,NA,NA,NA,NA,NA,NA,NA,NA,NA,NA,NA,NA,1216.695,828.456,2487.449,149.946,685.879,1651.041,735.858,2512.441,1708.79,229.62,4465.707,1706.829,4093.582,727.967,1200.01,145.699,164.707,1669.45,925.229,3887.232,1670.511,1007.574,617.651,1545.416,371.073,3544.862,641.29,1861.35,1226.026,3891.262,2207.077,1453.028,997.923,3364.903,1173.478,1371.371,657.886,1148.195,1035.789,1020.923,523.267,4358.383,1757.906,1852.113,844.854,871.962,3364.075,721.003,1667.98,4441.855,1326.011,266.621,4110.249,662.102,468.89,NA,NA,NA,NA,NA,NA,NA,NA,NA,NA,NA,NA,NA,NA,NA,NA,NA,NA,NA,NA,NA,NA,NA,NA
"Chicago IL",NA,NA,NA,NA,NA,NA,NA,NA,NA,NA,NA,NA,NA,NA,NA,NA,NA,554.467,1726.856,1296.34,572.736,1488.853,478.091,1616.243,535.752,1266.315,3440.399,1529.432,3446.311,1685.877,285.452,1183.221,1142.857,1742.941,293.881,3239.961,1498.79,1192.75,1709.859,820.129,876.836,2813.049,606.565,837.299,1048.854,3243.991,1834.724,236.479,857.721,2798.927,2218.378,148.198,756.063,1490.514,1271.803,1255.177,1424.195,3424.823,1279.244,758.235,1858.004,1222.208,2820.821,742.327,1460.241,3416.548,1557.509,1303.316,3084.941,1127.55,1285.021,NA,NA,NA,NA,NA,NA,NA,NA,NA,NA,NA,NA,NA,NA,NA,NA,NA,NA,NA,NA,NA,NA,NA,NA
"Cleveland OH",NA,NA,NA,NA,NA,NA,NA,NA,NA,NA,NA,NA,NA,NA,NA,NA,NA,NA,2256.698,975.338,231.168,1901.411,341.87,2146.085,1065.594,878.597,3970.241,1952.593,3976.153,1553.359,486.656,795.503,981.297,2087.438,509.622,3769.803,1920.882,1501.12,1443.043,1285.091,804.177,3342.89,533.905,1367.14,1393.351,3773.833,2256.861,798.882,1174.742,3221.065,1998.87,701.132,836.675,1692.816,742.981,726.355,895.374,3954.665,1701.382,1288.076,1670.246,693.386,3242.959,213.505,1903.595,3946.389,1019.708,915.598,3614.783,598.728,756.199,NA,NA,NA,NA,NA,NA,NA,NA,NA,NA,NA,NA,NA,NA,NA,NA,NA,NA,NA,NA,NA,NA,NA,NA
"Colorado Springs CO",NA,NA,NA,NA,NA,NA,NA,NA,NA,NA,NA,NA,NA,NA,NA,NA,NA,NA,NA,2540.198,2000.199,1159.28,1905.553,110.154,1193.311,2626.084,2156.199,1123.724,1944.668,2762.807,1985.527,2542.989,2386.715,1542.354,1717.698,1738.318,1147.169,1807.637,2786.789,944.357,2119.061,1311.406,1880.674,896.664,1527.99,1742.349,766.159,1660.396,1734.65,1256.615,3295.308,1793.714,1833.842,1973.052,2856.594,2841.728,2808.672,2140.623,951.589,976.404,2934.934,2752.735,1278.509,2296.214,1160.395,2132.347,3146.816,2663.084,1800.741,2646.227,2659.832,NA,NA,NA,NA,NA,NA,NA,NA,NA,NA,NA,NA,NA,NA,NA,NA,NA,NA,NA,NA,NA,NA,NA,NA
"Columbia SC",NA,NA,NA,NA,NA,NA,NA,NA,NA,NA,NA,NA,NA,NA,NA,NA,NA,NA,NA,NA,832.395,1600.849,882.374,2564.771,1761.12,379.115,4518.037,1656.638,4043.39,574.75,1346.526,295.195,166.445,1610.754,994.309,3837.04,1620.32,957.383,464.434,1597.746,423.402,3494.67,693.62,1913.68,1175.835,3841.071,2156.885,1532.974,960.059,3314.711,1020.26,1451.316,710.216,1089.498,1142.513,1127.991,620.651,4308.192,1707.715,1904.443,691.637,1001.017,3313.883,867.518,1617.788,4494.185,1430.904,364.295,4162.579,782.622,597.945,NA,NA,NA,NA,NA,NA,NA,NA,NA,NA,NA,NA,NA,NA,NA,NA,NA,NA,NA,NA,NA,NA,NA,NA
"Columbus OH",NA,NA,NA,NA,NA,NA,NA,NA,NA,NA,NA,NA,NA,NA,NA,NA,NA,NA,NA,NA,NA,1672.435,114.453,2024.699,1041.892,734.529,3912.74,1723.617,3809.641,1445.078,517.32,651.434,841.221,1858.462,282.206,3603.291,1691.906,1272.144,1298.975,1057.674,575.201,3227.702,304.929,1308.383,1164.375,3607.321,2029.444,810.005,945.766,2993.648,1854.801,728.348,607.699,1463.84,858.08,843.215,917.117,3897.163,1473.965,1264.374,1526.178,754.221,3015.542,297.701,1674.619,3888.888,1148.303,771.53,3557.282,647.714,768.277,NA,NA,NA,NA,NA,NA,NA,NA,NA,NA,NA,NA,NA,NA,NA,NA,NA,NA,NA,NA,NA,NA,NA,NA
"Dallas TX",NA,NA,NA,NA,NA,NA,NA,NA,NA,NA,NA,NA,NA,NA,NA,NA,NA,NA,NA,NA,NA,NA,1586.957,1267.96,1120.012,1874.427,3314.005,51.72,2503.587,1572.819,1726.908,1790.507,1490.85,384.773,1447.628,2288.1,20.433,647.543,1596.714,811.655,1356.47,1954.867,1408.109,1028.682,513.608,2311.056,555.612,1588.86,728.356,1713.438,2105.32,1610.35,1068.362,812.959,2489.471,2474.606,2168.074,2768.388,331.285,1058.947,1744.946,2359.298,1712.61,1967.419,30.442,3290.153,2779.693,1911.428,2675.069,2115.784,2054.266,NA,NA,NA,NA,NA,NA,NA,NA,NA,NA,NA,NA,NA,NA,NA,NA,NA,NA,NA,NA,NA,NA,NA,NA
"Dayton OH",NA,NA,NA,NA,NA,NA,NA,NA,NA,NA,NA,NA,NA,NA,NA,NA,NA,NA,NA,NA,NA,NA,NA,1929.698,946.891,786.214,3817.739,1637.524,3714.64,1358.985,485.52,703.119,755.128,1772.368,187.205,3508.29,1605.812,1186.05,1366.067,962.673,489.107,3132.701,218.836,1213.382,1078.281,3512.32,1934.443,715.004,859.672,2898.647,1891.486,633.347,521.605,1377.747,971.77,956.904,968.802,3802.162,1378.964,1169.373,1531.112,867.911,2920.541,411.39,1588.526,3793.887,1261.992,823.214,3462.281,761.403,819.962,NA,NA,NA,NA,NA,NA,NA,NA,NA,NA,NA,NA,NA,NA,NA,NA,NA,NA,NA,NA,NA,NA,NA,NA
"Denver CO",NA,NA,NA,NA,NA,NA,NA,NA,NA,NA,NA,NA,NA,NA,NA,NA,NA,NA,NA,NA,NA,NA,NA,NA,1079.419,2651.015,2044.807,1234.045,1837.674,2787.738,1871.636,2567.92,2411.646,1652.675,1742.629,1631.324,1257.49,1960.174,2811.72,969.289,2143.992,1204.412,1905.605,782.773,1552.921,1635.354,876.48,1546.505,1759.581,1366.936,3320.239,1679.822,1858.774,2083.373,2862.958,2846.332,2833.603,2029.23,1091.195,862.512,2959.865,2777.666,1388.83,2333.483,1270.716,2020.955,3148.665,2688.016,1689.348,2671.158,2684.764,NA,NA,NA,NA,NA,NA,NA,NA,NA,NA,NA,NA,NA,NA,NA,NA,NA,NA,NA,NA,NA,NA,NA,NA
"Des Moines IA",NA,NA,NA,NA,NA,NA,NA,NA,NA,NA,NA,NA,NA,NA,NA,NA,NA,NA,NA,NA,NA,NA,NA,NA,NA,1735.457,2904.957,1194.005,2910.869,1967.056,793.129,1652.363,1609.961,1503.269,760.038,2704.519,1130.465,1313.496,1991.037,311.181,1343.941,2277.606,1073.669,301.856,985.963,2708.549,1434.389,467.998,978.466,2231.653,2499.557,601.315,1038.091,1611.259,1784.452,1767.825,1918.045,2889.381,878.909,222.792,2139.183,1734.856,2253.546,1254.976,1091.915,2881.105,2070.158,1772.458,2549.499,1640.199,1769.206,NA,NA,NA,NA,NA,NA,NA,NA,NA,NA,NA,NA,NA,NA,NA,NA,NA,NA,NA,NA,NA,NA,NA,NA
"Durham NC",NA,NA,NA,NA,NA,NA,NA,NA,NA,NA,NA,NA,NA,NA,NA,NA,NA,NA,NA,NA,NA,NA,NA,NA,NA,NA,4604.505,1928.132,4255.623,880.464,1250.7,86.371,386.01,1890.753,975.919,4049.273,1891.814,1228.877,770.148,1684.214,542.607,3706.902,757.696,2000.148,1388.067,4053.303,2428.38,1503.718,1169.458,3439.63,1325.975,1422.06,829.42,1369.497,787.625,773.103,297.434,4520.424,1919.947,1990.911,997.351,646.13,3461.524,771.692,1889.283,4580.653,1076.016,39.46,4249.047,427.734,243.057,NA,NA,NA,NA,NA,NA,NA,NA,NA,NA,NA,NA,NA,NA,NA,NA,NA,NA,NA,NA,NA,NA,NA,NA
"Eugene OR",NA,NA,NA,NA,NA,NA,NA,NA,NA,NA,NA,NA,NA,NA,NA,NA,NA,NA,NA,NA,NA,NA,NA,NA,NA,NA,NA,3255.269,1036.475,4733.23,3694.56,4513.412,4357.138,3863.793,3628.745,1441.316,3278.714,3965.576,4757.211,2914.156,4089.483,1401.971,3851.097,2605.697,3558.324,1377.142,2726.484,3390.383,3638.387,2000.847,5265.731,3497.999,3804.265,4104.598,4685.883,4669.257,4779.095,839.886,3096.598,2685.437,4905.357,4636.288,1974.288,4156.407,3291.94,178.009,4971.589,4633.507,687.089,4541.63,4630.255,NA,NA,NA,NA,NA,NA,NA,NA,NA,NA,NA,NA,NA,NA,NA,NA,NA,NA,NA,NA,NA,NA,NA,NA
"Fort Worth TX",NA,NA,NA,NA,NA,NA,NA,NA,NA,NA,NA,NA,NA,NA,NA,NA,NA,NA,NA,NA,NA,NA,NA,NA,NA,NA,NA,NA,2466.928,1628.519,1767.992,1846.206,1546.55,421.81,1441.822,2238.258,41.795,703.243,1652.414,878.373,1407.452,1918.207,1459.092,1019.559,564.591,2261.214,505.771,1660.272,779.338,1663.596,2161.02,1651.435,1119.344,868.659,2540.454,2525.588,2223.774,2731.729,322.162,1049.824,1800.646,2410.281,1662.768,2018.402,79.737,3253.494,2830.676,1967.128,2638.41,2166.767,2105.249,NA,NA,NA,NA,NA,NA,NA,NA,NA,NA,NA,NA,NA,NA,NA,NA,NA,NA,NA,NA,NA,NA,NA,NA
"Fresno CA",NA,NA,NA,NA,NA,NA,NA,NA,NA,NA,NA,NA,NA,NA,NA,NA,NA,NA,NA,NA,NA,NA,NA,NA,NA,NA,NA,NA,NA,4076.126,3702.714,4171.743,3934.678,2838.899,3528.635,416.423,2490.382,3150.849,4100.02,2805.129,3714.889,636.544,3681.25,2613.851,2880.115,352.248,1981.422,3377.583,3086.775,975.953,4608.627,3510.901,3426.781,3316.265,4667.531,4677.411,4561.525,287.967,2338.725,2693.591,4248.252,4563.672,949.395,4107.152,2503.608,1208.847,4979.743,4291.838,483.014,4474.204,4412.685,NA,NA,NA,NA,NA,NA,NA,NA,NA,NA,NA,NA,NA,NA,NA,NA,NA,NA,NA,NA,NA,NA,NA,NA
"Gainesville FL",NA,NA,NA,NA,NA,NA,NA,NA,NA,NA,NA,NA,NA,NA,NA,NA,NA,NA,NA,NA,NA,NA,NA,NA,NA,NA,NA,NA,NA,NA,1803.543,843.862,732.949,1377.24,1390.361,3840.002,1588.259,925.319,115.226,1818.511,876.236,3524.027,1143.923,2134.446,1311.818,3862.958,2124.825,1926.239,1096.042,3265.341,539.743,1839.78,930.981,855.984,1617.982,1603.46,1096.12,4337.548,1843.698,2125.208,179.369,1476.487,3264.513,1444.627,1585.728,4714.95,1906.374,839.765,4244.229,1258.092,1073.415,NA,NA,NA,NA,NA,NA,NA,NA,NA,NA,NA,NA,NA,NA,NA,NA,NA,NA,NA,NA,NA,NA,NA,NA
"Grand Rapids MI",NA,NA,NA,NA,NA,NA,NA,NA,NA,NA,NA,NA,NA,NA,NA,NA,NA,NA,NA,NA,NA,NA,NA,NA,NA,NA,NA,NA,NA,NA,NA,1171.813,1238.355,1970.786,410.071,3497.82,1736.613,1420.595,1819.354,1057.952,972.334,3070.908,702.063,1095.158,1276.7,3501.851,2072.547,333.019,1085.566,3036.75,2337.724,206.946,875.409,1718.359,1200.064,1183.438,1352.457,3682.682,1517.067,1016.094,1977.35,1150.469,3058.644,670.589,1698.063,3674.407,1336.969,1291.909,3342.801,1055.811,1213.282,NA,NA,NA,NA,NA,NA,NA,NA,NA,NA,NA,NA,NA,NA,NA,NA,NA,NA,NA,NA,NA,NA,NA,NA
"Greensboro NC",NA,NA,NA,NA,NA,NA,NA,NA,NA,NA,NA,NA,NA,NA,NA,NA,NA,NA,NA,NA,NA,NA,NA,NA,NA,NA,NA,NA,NA,NA,NA,NA,304.359,1809.102,893.498,3966.852,1810.163,1147.226,734.264,1601.794,460.187,3624.482,675.276,1917.728,1305.647,3970.883,2346.729,1421.298,1087.037,3357.21,1290.091,1339.64,747,1287.846,870.345,855.824,380.155,4438.004,1837.527,1908.491,961.467,728.85,3379.103,689.272,1807.632,4498.233,1158.737,123.509,4166.627,448.454,325.778,NA,NA,NA,NA,NA,NA,NA,NA,NA,NA,NA,NA,NA,NA,NA,NA,NA,NA,NA,NA,NA,NA,NA,NA
"Greenville SC",NA,NA,NA,NA,NA,NA,NA,NA,NA,NA,NA,NA,NA,NA,NA,NA,NA,NA,NA,NA,NA,NA,NA,NA,NA,NA,NA,NA,NA,NA,NA,NA,NA,1509.44,841.622,3727.221,1510.501,847.564,624.05,1445.059,270.716,3384.851,540.933,1760.993,1066.016,3731.252,2047.067,1380.287,850.24,3204.892,1179.877,1298.629,557.529,988.184,1186.34,1171.475,681.297,4198.373,1597.896,1751.756,851.253,1029.992,3204.064,871.554,1507.969,4341.498,1476.563,424.651,4009.892,812.654,626.92,NA,NA,NA,NA,NA,NA,NA,NA,NA,NA,NA,NA,NA,NA,NA,NA,NA,NA,NA,NA,NA,NA,NA,NA
"Houston TX",NA,NA,NA,NA,NA,NA,NA,NA,NA,NA,NA,NA,NA,NA,NA,NA,NA,NA,NA,NA,NA,NA,NA,NA,NA,NA,NA,NA,NA,NA,NA,NA,NA,NA,1633.124,2465.445,404.074,710.096,1400.985,1194.664,1484.972,2337.707,1593.605,1413.656,699.104,2488.401,836.863,1826.504,913.852,1890.783,1909.592,1888.832,1253.858,559.86,2617.973,2603.108,2225.234,3086.952,716.259,1443.921,1549.217,2487.8,1889.956,2152.915,413.452,3672.993,2908.196,1929.86,3057.909,2244.287,2132.129,NA,NA,NA,NA,NA,NA,NA,NA,NA,NA,NA,NA,NA,NA,NA,NA,NA,NA,NA,NA,NA,NA,NA,NA
"Indianapolis IN",NA,NA,NA,NA,NA,NA,NA,NA,NA,NA,NA,NA,NA,NA,NA,NA,NA,NA,NA,NA,NA,NA,NA,NA,NA,NA,NA,NA,NA,NA,NA,NA,NA,NA,NA,3321.186,1411.407,1081.815,1415.578,775.57,574.789,2945.598,304.517,1026.406,937.92,3325.217,1747.34,531.127,746.786,2711.544,1924.098,449.469,461.782,1317.923,1139.308,1124.442,1159.08,3615.186,1191.861,982.397,1563.724,1035.448,2733.438,578.928,1372.857,3606.911,1429.53,1013.493,3275.305,928.941,1010.241,NA,NA,NA,NA,NA,NA,NA,NA,NA,NA,NA,NA,NA,NA,NA,NA,NA,NA,NA,NA,NA,NA,NA,NA
"Irvine CA",NA,NA,NA,NA,NA,NA,NA,NA,NA,NA,NA,NA,NA,NA,NA,NA,NA,NA,NA,NA,NA,NA,NA,NA,NA,NA,NA,NA,NA,NA,NA,NA,NA,NA,NA,NA,2278.244,2935.461,3862.535,2599.263,3509.023,430.678,3475.384,2407.985,2674.249,64.211,1775.556,3171.717,2880.909,601.622,4371.141,3305.034,3220.915,3021.41,4461.665,4471.544,4355.659,662.704,2132.859,2487.725,4010.767,4357.806,575.064,3901.285,2319.137,1612.671,4773.877,4085.972,791.876,4268.338,4206.819,NA,NA,NA,NA,NA,NA,NA,NA,NA,NA,NA,NA,NA,NA,NA,NA,NA,NA,NA,NA,NA,NA,NA,NA
"Irving TX",NA,NA,NA,NA,NA,NA,NA,NA,NA,NA,NA,NA,NA,NA,NA,NA,NA,NA,NA,NA,NA,NA,NA,NA,NA,NA,NA,NA,NA,NA,NA,NA,NA,NA,NA,NA,NA,666.666,1615.837,881.317,1375.593,1944.061,1427.233,1022.503,532.731,2302.113,546.67,1598.62,747.479,1704.495,2124.444,1620.11,1087.485,832.082,2508.594,2493.729,2187.198,2757.583,325.106,1052.767,1764.07,2378.421,1703.668,1986.543,40.202,3279.347,2798.817,1930.551,2664.264,2134.908,2073.389,NA,NA,NA,NA,NA,NA,NA,NA,NA,NA,NA,NA,NA,NA,NA,NA,NA,NA,NA,NA,NA,NA,NA,NA
"Jackson MS",NA,NA,NA,NA,NA,NA,NA,NA,NA,NA,NA,NA,NA,NA,NA,NA,NA,NA,NA,NA,NA,NA,NA,NA,NA,NA,NA,NA,NA,NA,NA,NA,NA,NA,NA,NA,NA,NA,953.123,1059.134,793.594,2604.784,1007.514,1370.318,416.593,2961.026,1205.583,1365.962,336.729,2363.408,1461.73,1336.669,667.766,299.561,1926.595,1911.729,1524.495,3418.306,977.211,1361.081,1101.355,1796.422,2362.58,1566.824,666.485,3971.504,2216.817,1267.849,3324.986,1552.908,1470.118,NA,NA,NA,NA,NA,NA,NA,NA,NA,NA,NA,NA,NA,NA,NA,NA,NA,NA,NA,NA,NA,NA,NA,NA
"Jacksonville FL",NA,NA,NA,NA,NA,NA,NA,NA,NA,NA,NA,NA,NA,NA,NA,NA,NA,NA,NA,NA,NA,NA,NA,NA,NA,NA,NA,NA,NA,NA,NA,NA,NA,NA,NA,NA,NA,NA,NA,1841.691,880.211,3547.104,1150.428,2157.625,1334.895,3886.036,2147.902,1949.418,1119.119,3288.418,555.063,1862.959,954.161,879.062,1508.286,1493.764,986.424,4360.626,1866.775,2148.388,226.439,1366.791,3287.59,1334.931,1608.805,4738.13,1796.678,730.069,4267.306,1148.395,963.719,NA,NA,NA,NA,NA,NA,NA,NA,NA,NA,NA,NA,NA,NA,NA,NA,NA,NA,NA,NA,NA,NA,NA,NA
"Kansas City MO",NA,NA,NA,NA,NA,NA,NA,NA,NA,NA,NA,NA,NA,NA,NA,NA,NA,NA,NA,NA,NA,NA,NA,NA,NA,NA,NA,NA,NA,NA,NA,NA,NA,NA,NA,NA,NA,NA,NA,NA,1176.591,2170.681,938.204,310.078,679.136,2601.624,1123.476,778.527,725.76,1920.74,2352.838,911.844,891.373,1361.952,1914.124,1899.259,1866.202,2898.858,567.997,300.841,1992.464,1810.265,1942.634,1353.744,785.087,2890.583,2204.346,1720.615,2558.977,1703.758,1717.363,NA,NA,NA,NA,NA,NA,NA,NA,NA,NA,NA,NA,NA,NA,NA,NA,NA,NA,NA,NA,NA,NA,NA,NA
"Knoxville TN",NA,NA,NA,NA,NA,NA,NA,NA,NA,NA,NA,NA,NA,NA,NA,NA,NA,NA,NA,NA,NA,NA,NA,NA,NA,NA,NA,NA,NA,NA,NA,NA,NA,NA,NA,NA,NA,NA,NA,NA,NA,3166.659,274.235,1492.641,847.823,3513.059,1910.959,1113.589,629.214,2899.387,1408.183,1031.932,289.177,963.694,1135.916,1121.05,849.55,3980.18,1379.704,1483.404,1047.808,1005.743,2921.28,793.722,1358.068,4073.146,1426.138,579.864,3741.54,762.229,700.711,NA,NA,NA,NA,NA,NA,NA,NA,NA,NA,NA,NA,NA,NA,NA,NA,NA,NA,NA,NA,NA,NA,NA,NA
"Las Vegas NV",NA,NA,NA,NA,NA,NA,NA,NA,NA,NA,NA,NA,NA,NA,NA,NA,NA,NA,NA,NA,NA,NA,NA,NA,NA,NA,NA,NA,NA,NA,NA,NA,NA,NA,NA,NA,NA,NA,NA,NA,NA,NA,3109.98,1982.385,2332.57,433.53,1433.877,2746.118,2539.23,504.322,4061.082,2879.435,2879.236,2768.72,4062.571,4045.945,4013.98,900.652,1791.18,2062.125,3700.708,3982.04,477.763,3533.095,1956.063,1574.839,4348.277,3744.293,721.392,3926.659,3865.141,NA,NA,NA,NA,NA,NA,NA,NA,NA,NA,NA,NA,NA,NA,NA,NA,NA,NA,NA,NA,NA,NA,NA,NA
"Lexington KY",NA,NA,NA,NA,NA,NA,NA,NA,NA,NA,NA,NA,NA,NA,NA,NA,NA,NA,NA,NA,NA,NA,NA,NA,NA,NA,NA,NA,NA,NA,NA,NA,NA,NA,NA,NA,NA,NA,NA,NA,NA,NA,NA,1254.069,898.727,3477.566,1899.69,843.005,680.118,2863.893,1676.583,761.348,342.051,1198.192,1133.367,1118.501,940.081,3842.849,1344.21,1244.832,1316.209,1028.336,2885.787,598.57,1408.971,3834.573,1423.589,794.493,3502.967,852.76,791.241,NA,NA,NA,NA,NA,NA,NA,NA,NA,NA,NA,NA,NA,NA,NA,NA,NA,NA,NA,NA,NA,NA,NA,NA
"Lincoln NE",NA,NA,NA,NA,NA,NA,NA,NA,NA,NA,NA,NA,NA,NA,NA,NA,NA,NA,NA,NA,NA,NA,NA,NA,NA,NA,NA,NA,NA,NA,NA,NA,NA,NA,NA,NA,NA,NA,NA,NA,NA,NA,NA,NA,990.075,2410.136,1152.469,772.112,1036.699,1984.728,2664.042,905.429,1202.577,1672.891,2088.565,2071.939,2177.406,2590.968,702.686,88.119,2303.668,2038.97,2006.621,1559.089,1022.465,2582.692,2374.271,2031.819,2251.086,1944.312,2028.567,NA,NA,NA,NA,NA,NA,NA,NA,NA,NA,NA,NA,NA,NA,NA,NA,NA,NA,NA,NA,NA,NA,NA,NA
"Little Rock AR",NA,NA,NA,NA,NA,NA,NA,NA,NA,NA,NA,NA,NA,NA,NA,NA,NA,NA,NA,NA,NA,NA,NA,NA,NA,NA,NA,NA,NA,NA,NA,NA,NA,NA,NA,NA,NA,NA,NA,NA,NA,NA,NA,NA,NA,2679.219,1068.782,1133.586,220.934,2065.547,1846.604,1195.914,560.94,687.567,1982.049,1967.184,1695.684,3146.34,545.864,981.872,1486.23,1851.876,2087.44,1459.998,515.891,3561.097,2272.272,1425.997,3053.021,1608.363,1546.845,NA,NA,NA,NA,NA,NA,NA,NA,NA,NA,NA,NA,NA,NA,NA,NA,NA,NA,NA,NA,NA,NA,NA,NA
"Los Angeles CA",NA,NA,NA,NA,NA,NA,NA,NA,NA,NA,NA,NA,NA,NA,NA,NA,NA,NA,NA,NA,NA,NA,NA,NA,NA,NA,NA,NA,NA,NA,NA,NA,NA,NA,NA,NA,NA,NA,NA,NA,NA,NA,NA,NA,NA,NA,1780.537,3176.699,2885.89,625.657,4395.175,3310.016,3225.896,3045.444,4466.646,4476.526,4360.64,599.669,2137.84,2492.706,4034.801,4362.787,599.098,3906.267,2343.171,1549.637,4778.858,4090.953,830.645,4273.319,4211.801,NA,NA,NA,NA,NA,NA,NA,NA,NA,NA,NA,NA,NA,NA,NA,NA,NA,NA,NA,NA,NA,NA,NA,NA
"Lubbock TX",NA,NA,NA,NA,NA,NA,NA,NA,NA,NA,NA,NA,NA,NA,NA,NA,NA,NA,NA,NA,NA,NA,NA,NA,NA,NA,NA,NA,NA,NA,NA,NA,NA,NA,NA,NA,NA,NA,NA,NA,NA,NA,NA,NA,NA,NA,NA,1901.077,1211.085,1166.023,2661.555,1957.091,1551.091,1369.194,2886.374,2871.509,2724.309,2246.817,559.851,1234.437,2301.181,2782.515,1187.917,2325.995,532.271,2701.667,3176.597,2467.663,2153.498,2598.514,2536.995,NA,NA,NA,NA,NA,NA,NA,NA,NA,NA,NA,NA,NA,NA,NA,NA,NA,NA,NA,NA,NA,NA,NA,NA
"Madison WI",NA,NA,NA,NA,NA,NA,NA,NA,NA,NA,NA,NA,NA,NA,NA,NA,NA,NA,NA,NA,NA,NA,NA,NA,NA,NA,NA,NA,NA,NA,NA,NA,NA,NA,NA,NA,NA,NA,NA,NA,NA,NA,NA,NA,NA,NA,NA,NA,1033.049,2702.65,2461.885,126.671,1000.419,1665.842,1505.771,1489.145,1658.164,3360.673,1349.906,694.085,2101.51,1456.176,2724.543,976.296,1561.625,3212.244,1791.478,1542.188,3020.791,1361.518,1518.989,NA,NA,NA,NA,NA,NA,NA,NA,NA,NA,NA,NA,NA,NA,NA,NA,NA,NA,NA,NA,NA,NA,NA,NA
"Memphis TN",NA,NA,NA,NA,NA,NA,NA,NA,NA,NA,NA,NA,NA,NA,NA,NA,NA,NA,NA,NA,NA,NA,NA,NA,NA,NA,NA,NA,NA,NA,NA,NA,NA,NA,NA,NA,NA,NA,NA,NA,NA,NA,NA,NA,NA,NA,NA,NA,NA,2270.618,1629.108,1003.101,341.085,635.741,1762.194,1747.328,1475.828,3351.412,750.935,1027.513,1268.734,1632.021,2292.511,1240.142,729.299,3617.255,2052.416,1206.142,3258.092,1388.507,1326.989,NA,NA,NA,NA,NA,NA,NA,NA,NA,NA,NA,NA,NA,NA,NA,NA,NA,NA,NA,NA,NA,NA,NA,NA
"Mesa AZ",NA,NA,NA,NA,NA,NA,NA,NA,NA,NA,NA,NA,NA,NA,NA,NA,NA,NA,NA,NA,NA,NA,NA,NA,NA,NA,NA,NA,NA,NA,NA,NA,NA,NA,NA,NA,NA,NA,NA,NA,NA,NA,NA,NA,NA,NA,NA,NA,NA,NA,3796.957,2923.467,2612.001,2447.226,3852.75,3837.885,3746.744,1223.616,1523.944,2067.853,3436.583,3748.891,31.053,3292.371,1744.952,2173.583,4142.973,3477.058,1224.413,3659.423,3597.905,NA,NA,NA,NA,NA,NA,NA,NA,NA,NA,NA,NA,NA,NA,NA,NA,NA,NA,NA,NA,NA,NA,NA,NA
"Miami FL",NA,NA,NA,NA,NA,NA,NA,NA,NA,NA,NA,NA,NA,NA,NA,NA,NA,NA,NA,NA,NA,NA,NA,NA,NA,NA,NA,NA,NA,NA,NA,NA,NA,NA,NA,NA,NA,NA,NA,NA,NA,NA,NA,NA,NA,NA,NA,NA,NA,NA,NA,2369.06,1460.261,1385.264,2061.156,2046.634,1539.294,4866.828,2372.978,2654.488,375.148,1919.661,3793.793,1887.801,2115.008,5244.23,2349.547,1282.938,4773.509,1701.265,1516.588,NA,NA,NA,NA,NA,NA,NA,NA,NA,NA,NA,NA,NA,NA,NA,NA,NA,NA,NA,NA,NA,NA,NA,NA
"Milwaukee WI",NA,NA,NA,NA,NA,NA,NA,NA,NA,NA,NA,NA,NA,NA,NA,NA,NA,NA,NA,NA,NA,NA,NA,NA,NA,NA,NA,NA,NA,NA,NA,NA,NA,NA,NA,NA,NA,NA,NA,NA,NA,NA,NA,NA,NA,NA,NA,NA,NA,NA,NA,NA,911.471,1635.628,1417.022,1400.396,1569.415,3491.836,1401.765,825.248,2013.413,1367.427,2943.342,887.546,1582.761,3321.267,1702.728,1458.725,3151.955,1272.769,1430.24,NA,NA,NA,NA,NA,NA,NA,NA,NA,NA,NA,NA,NA,NA,NA,NA,NA,NA,NA,NA,NA,NA,NA,NA
"Nashville TN",NA,NA,NA,NA,NA,NA,NA,NA,NA,NA,NA,NA,NA,NA,NA,NA,NA,NA,NA,NA,NA,NA,NA,NA,NA,NA,NA,NA,NA,NA,NA,NA,NA,NA,NA,NA,NA,NA,NA,NA,NA,NA,NA,NA,NA,NA,NA,NA,NA,NA,NA,NA,NA,856.081,1422.492,1407.627,1136.127,3692.064,1091.588,1197.32,1105.364,1292.319,2633.164,902.334,1069.952,3787.062,1712.715,866.44,3455.456,1048.806,987.288,NA,NA,NA,NA,NA,NA,NA,NA,NA,NA,NA,NA,NA,NA,NA,NA,NA,NA,NA,NA,NA,NA,NA,NA
"New Orleans LA",NA,NA,NA,NA,NA,NA,NA,NA,NA,NA,NA,NA,NA,NA,NA,NA,NA,NA,NA,NA,NA,NA,NA,NA,NA,NA,NA,NA,NA,NA,NA,NA,NA,NA,NA,NA,NA,NA,NA,NA,NA,NA,NA,NA,NA,NA,NA,NA,NA,NA,NA,NA,NA,NA,2097.554,2082.689,1704.229,3643.753,1140.89,1663.03,1028.212,1967.381,2446.757,1758.789,830.164,4103.749,2387.776,1408.854,3488.665,1723.868,1611.123,NA,NA,NA,NA,NA,NA,NA,NA,NA,NA,NA,NA,NA,NA,NA,NA,NA,NA,NA,NA,NA,NA,NA,NA
"New York NY",NA,NA,NA,NA,NA,NA,NA,NA,NA,NA,NA,NA,NA,NA,NA,NA,NA,NA,NA,NA,NA,NA,NA,NA,NA,NA,NA,NA,NA,NA,NA,NA,NA,NA,NA,NA,NA,NA,NA,NA,NA,NA,NA,NA,NA,NA,NA,NA,NA,NA,NA,NA,NA,NA,NA,18.336,583.499,4670.179,2334.61,2003.59,1727.223,151.039,3876.187,597.799,2493.572,4661.903,291.231,786.047,4330.297,392.016,538.407,NA,NA,NA,NA,NA,NA,NA,NA,NA,NA,NA,NA,NA,NA,NA,NA,NA,NA,NA,NA,NA,NA,NA,NA
"Newark NJ",NA,NA,NA,NA,NA,NA,NA,NA,NA,NA,NA,NA,NA,NA,NA,NA,NA,NA,NA,NA,NA,NA,NA,NA,NA,NA,NA,NA,NA,NA,NA,NA,NA,NA,NA,NA,NA,NA,NA,NA,NA,NA,NA,NA,NA,NA,NA,NA,NA,NA,NA,NA,NA,NA,NA,NA,570.308,4654.644,2316.785,1988.056,1714.033,137.848,3858.362,579.974,2475.747,4646.369,306.885,772.856,4314.763,378.826,525.217,NA,NA,NA,NA,NA,NA,NA,NA,NA,NA,NA,NA,NA,NA,NA,NA,NA,NA,NA,NA,NA,NA,NA,NA
"Norfolk VA",NA,NA,NA,NA,NA,NA,NA,NA,NA,NA,NA,NA,NA,NA,NA,NA,NA,NA,NA,NA,NA,NA,NA,NA,NA,NA,NA,NA,NA,NA,NA,NA,NA,NA,NA,NA,NA,NA,NA,NA,NA,NA,NA,NA,NA,NA,NA,NA,NA,NA,NA,NA,NA,NA,NA,NA,NA,4770.773,2226.062,2172.756,1212.931,442.884,3767.638,692.96,2181.84,4762.497,867.862,297.303,4430.891,325.799,149.295,NA,NA,NA,NA,NA,NA,NA,NA,NA,NA,NA,NA,NA,NA,NA,NA,NA,NA,NA,NA,NA,NA,NA,NA
"Oakland CA",NA,NA,NA,NA,NA,NA,NA,NA,NA,NA,NA,NA,NA,NA,NA,NA,NA,NA,NA,NA,NA,NA,NA,NA,NA,NA,NA,NA,NA,NA,NA,NA,NA,NA,NA,NA,NA,NA,NA,NA,NA,NA,NA,NA,NA,NA,NA,NA,NA,NA,NA,NA,NA,NA,NA,NA,NA,NA,2596.77,2669.181,4628.658,4620.032,1192.955,4140.151,2761.653,1012.873,4955.333,4549.883,341.833,4525.374,4613.999,NA,NA,NA,NA,NA,NA,NA,NA,NA,NA,NA,NA,NA,NA,NA,NA,NA,NA,NA,NA,NA,NA,NA,NA
"Oklahoma City OK",NA,NA,NA,NA,NA,NA,NA,NA,NA,NA,NA,NA,NA,NA,NA,NA,NA,NA,NA,NA,NA,NA,NA,NA,NA,NA,NA,NA,NA,NA,NA,NA,NA,NA,NA,NA,NA,NA,NA,NA,NA,NA,NA,NA,NA,NA,NA,NA,NA,NA,NA,NA,NA,NA,NA,NA,NA,NA,NA,733.742,2015.511,2225.629,1545.312,1769.108,326.97,3095.786,2619.71,1955.278,2510.893,2137.643,2076.125,NA,NA,NA,NA,NA,NA,NA,NA,NA,NA,NA,NA,NA,NA,NA,NA,NA,NA,NA,NA,NA,NA,NA,NA
"Omaha NE",NA,NA,NA,NA,NA,NA,NA,NA,NA,NA,NA,NA,NA,NA,NA,NA,NA,NA,NA,NA,NA,NA,NA,NA,NA,NA,NA,NA,NA,NA,NA,NA,NA,NA,NA,NA,NA,NA,NA,NA,NA,NA,NA,NA,NA,NA,NA,NA,NA,NA,NA,NA,NA,NA,NA,NA,NA,NA,NA,NA,2294.55,1956.809,2088.483,1476.928,1068.278,2664.554,2292.11,2022.7,2332.947,1862.151,2019.448,NA,NA,NA,NA,NA,NA,NA,NA,NA,NA,NA,NA,NA,NA,NA,NA,NA,NA,NA,NA,NA,NA,NA,NA
"Orlando FL",NA,NA,NA,NA,NA,NA,NA,NA,NA,NA,NA,NA,NA,NA,NA,NA,NA,NA,NA,NA,NA,NA,NA,NA,NA,NA,NA,NA,NA,NA,NA,NA,NA,NA,NA,NA,NA,NA,NA,NA,NA,NA,NA,NA,NA,NA,NA,NA,NA,NA,NA,NA,NA,NA,NA,NA,NA,NA,NA,NA,NA,1594.082,3436.399,1562.223,1757.614,4886.837,2023.969,957.36,4416.115,1375.687,1191.01,NA,NA,NA,NA,NA,NA,NA,NA,NA,NA,NA,NA,NA,NA,NA,NA,NA,NA,NA,NA,NA,NA,NA,NA
"Philadelphia PA",NA,NA,NA,NA,NA,NA,NA,NA,NA,NA,NA,NA,NA,NA,NA,NA,NA,NA,NA,NA,NA,NA,NA,NA,NA,NA,NA,NA,NA,NA,NA,NA,NA,NA,NA,NA,NA,NA,NA,NA,NA,NA,NA,NA,NA,NA,NA,NA,NA,NA,NA,NA,NA,NA,NA,NA,NA,NA,NA,NA,NA,NA,3768.427,490.04,2364.355,4612.547,440.263,648.719,4280.941,254.688,401.079,NA,NA,NA,NA,NA,NA,NA,NA,NA,NA,NA,NA,NA,NA,NA,NA,NA,NA,NA,NA,NA,NA,NA,NA
"Phoenix AZ",NA,NA,NA,NA,NA,NA,NA,NA,NA,NA,NA,NA,NA,NA,NA,NA,NA,NA,NA,NA,NA,NA,NA,NA,NA,NA,NA,NA,NA,NA,NA,NA,NA,NA,NA,NA,NA,NA,NA,NA,NA,NA,NA,NA,NA,NA,NA,NA,NA,NA,NA,NA,NA,NA,NA,NA,NA,NA,NA,NA,NA,NA,NA,3312.702,1743.992,2147.343,4163.304,3497.389,1198.172,3679.754,3618.236,NA,NA,NA,NA,NA,NA,NA,NA,NA,NA,NA,NA,NA,NA,NA,NA,NA,NA,NA,NA,NA,NA,NA,NA
"Pittsburgh PA",NA,NA,NA,NA,NA,NA,NA,NA,NA,NA,NA,NA,NA,NA,NA,NA,NA,NA,NA,NA,NA,NA,NA,NA,NA,NA,NA,NA,NA,NA,NA,NA,NA,NA,NA,NA,NA,NA,NA,NA,NA,NA,NA,NA,NA,NA,NA,NA,NA,NA,NA,NA,NA,NA,NA,NA,NA,NA,NA,NA,NA,NA,NA,NA,1966.225,4133.212,884.624,806.649,3801.606,395.885,553.356,NA,NA,NA,NA,NA,NA,NA,NA,NA,NA,NA,NA,NA,NA,NA,NA,NA,NA,NA,NA,NA,NA,NA,NA
"Plano TX",NA,NA,NA,NA,NA,NA,NA,NA,NA,NA,NA,NA,NA,NA,NA,NA,NA,NA,NA,NA,NA,NA,NA,NA,NA,NA,NA,NA,NA,NA,NA,NA,NA,NA,NA,NA,NA,NA,NA,NA,NA,NA,NA,NA,NA,NA,NA,NA,NA,NA,NA,NA,NA,NA,NA,NA,NA,NA,NA,NA,NA,NA,NA,NA,NA,3291.203,2781.764,1927.881,2676.119,2117.855,2056.337,NA,NA,NA,NA,NA,NA,NA,NA,NA,NA,NA,NA,NA,NA,NA,NA,NA,NA,NA,NA,NA,NA,NA,NA
"Portland OR",NA,NA,NA,NA,NA,NA,NA,NA,NA,NA,NA,NA,NA,NA,NA,NA,NA,NA,NA,NA,NA,NA,NA,NA,NA,NA,NA,NA,NA,NA,NA,NA,NA,NA,NA,NA,NA,NA,NA,NA,NA,NA,NA,NA,NA,NA,NA,NA,NA,NA,NA,NA,NA,NA,NA,NA,NA,NA,NA,NA,NA,NA,NA,NA,NA,NA,4946.413,4608.331,859.321,4516.454,4605.079,NA,NA,NA,NA,NA,NA,NA,NA,NA,NA,NA,NA,NA,NA,NA,NA,NA,NA,NA,NA,NA,NA,NA,NA
"Providence RI",NA,NA,NA,NA,NA,NA,NA,NA,NA,NA,NA,NA,NA,NA,NA,NA,NA,NA,NA,NA,NA,NA,NA,NA,NA,NA,NA,NA,NA,NA,NA,NA,NA,NA,NA,NA,NA,NA,NA,NA,NA,NA,NA,NA,NA,NA,NA,NA,NA,NA,NA,NA,NA,NA,NA,NA,NA,NA,NA,NA,NA,NA,NA,NA,NA,NA,NA,1075.846,4618.073,681.815,828.206,NA,NA,NA,NA,NA,NA,NA,NA,NA,NA,NA,NA,NA,NA,NA,NA,NA,NA,NA,NA,NA,NA,NA,NA
"Raleigh NC",NA,NA,NA,NA,NA,NA,NA,NA,NA,NA,NA,NA,NA,NA,NA,NA,NA,NA,NA,NA,NA,NA,NA,NA,NA,NA,NA,NA,NA,NA,NA,NA,NA,NA,NA,NA,NA,NA,NA,NA,NA,NA,NA,NA,NA,NA,NA,NA,NA,NA,NA,NA,NA,NA,NA,NA,NA,NA,NA,NA,NA,NA,NA,NA,NA,NA,NA,NA,4285.986,434.405,249.729,NA,NA,NA,NA,NA,NA,NA,NA,NA,NA,NA,NA,NA,NA,NA,NA,NA,NA,NA,NA,NA,NA,NA,NA
"Reno NV",NA,NA,NA,NA,NA,NA,NA,NA,NA,NA,NA,NA,NA,NA,NA,NA,NA,NA,NA,NA,NA,NA,NA,NA,NA,NA,NA,NA,NA,NA,NA,NA,NA,NA,NA,NA,NA,NA,NA,NA,NA,NA,NA,NA,NA,NA,NA,NA,NA,NA,NA,NA,NA,NA,NA,NA,NA,NA,NA,NA,NA,NA,NA,NA,NA,NA,NA,NA,NA,4184.791,4273.416,NA,NA,NA,NA,NA,NA,NA,NA,NA,NA,NA,NA,NA,NA,NA,NA,NA,NA,NA,NA,NA,NA,NA,NA
"Reston VA",NA,NA,NA,NA,NA,NA,NA,NA,NA,NA,NA,NA,NA,NA,NA,NA,NA,NA,NA,NA,NA,NA,NA,NA,NA,NA,NA,NA,NA,NA,NA,NA,NA,NA,NA,NA,NA,NA,NA,NA,NA,NA,NA,NA,NA,NA,NA,NA,NA,NA,NA,NA,NA,NA,NA,NA,NA,NA,NA,NA,NA,NA,NA,NA,NA,NA,NA,NA,NA,NA,186.989,NA,NA,NA,NA,NA,NA,NA,NA,NA,NA,NA,NA,NA,NA,NA,NA,NA,NA,NA,NA,NA,NA,NA,NA
"Richmond VA",NA,NA,NA,NA,NA,NA,NA,NA,NA,NA,NA,NA,NA,NA,NA,NA,NA,NA,NA,NA,NA,NA,NA,NA,NA,NA,NA,NA,NA,NA,NA,NA,NA,NA,NA,NA,NA,NA,NA,NA,NA,NA,NA,NA,NA,NA,NA,NA,NA,NA,NA,NA,NA,NA,NA,NA,NA,NA,NA,NA,NA,NA,NA,NA,NA,NA,NA,NA,NA,NA,NA,NA,NA,NA,NA,NA,NA,NA,NA,NA,NA,NA,NA,NA,NA,NA,NA,NA,NA,NA,NA,NA,NA,NA,NA
"Rochester NY",NA,NA,NA,NA,NA,NA,NA,NA,NA,NA,NA,NA,NA,NA,NA,NA,NA,NA,NA,NA,NA,NA,NA,NA,NA,NA,NA,NA,NA,NA,NA,NA,NA,NA,NA,NA,NA,NA,NA,NA,NA,NA,NA,NA,NA,NA,NA,NA,NA,NA,NA,NA,NA,NA,NA,NA,NA,NA,NA,NA,NA,NA,NA,NA,NA,NA,NA,NA,NA,NA,NA,NA,NA,NA,NA,NA,NA,NA,NA,NA,NA,NA,NA,NA,NA,NA,NA,NA,NA,NA,NA,NA,NA,NA,NA
"Roswell GA",NA,NA,NA,NA,NA,NA,NA,NA,NA,NA,NA,NA,NA,NA,NA,NA,NA,NA,NA,NA,NA,NA,NA,NA,NA,NA,NA,NA,NA,NA,NA,NA,NA,NA,NA,NA,NA,NA,NA,NA,NA,NA,NA,NA,NA,NA,NA,NA,NA,NA,NA,NA,NA,NA,NA,NA,NA,NA,NA,NA,NA,NA,NA,NA,NA,NA,NA,NA,NA,NA,NA,NA,NA,NA,NA,NA,NA,NA,NA,NA,NA,NA,NA,NA,NA,NA,NA,NA,NA,NA,NA,NA,NA,NA,NA
"Sacramento CA",NA,NA,NA,NA,NA,NA,NA,NA,NA,NA,NA,NA,NA,NA,NA,NA,NA,NA,NA,NA,NA,NA,NA,NA,NA,NA,NA,NA,NA,NA,NA,NA,NA,NA,NA,NA,NA,NA,NA,NA,NA,NA,NA,NA,NA,NA,NA,NA,NA,NA,NA,NA,NA,NA,NA,NA,NA,NA,NA,NA,NA,NA,NA,NA,NA,NA,NA,NA,NA,NA,NA,NA,NA,NA,NA,NA,NA,NA,NA,NA,NA,NA,NA,NA,NA,NA,NA,NA,NA,NA,NA,NA,NA,NA,NA
"Saint Louis MO",NA,NA,NA,NA,NA,NA,NA,NA,NA,NA,NA,NA,NA,NA,NA,NA,NA,NA,NA,NA,NA,NA,NA,NA,NA,NA,NA,NA,NA,NA,NA,NA,NA,NA,NA,NA,NA,NA,NA,NA,NA,NA,NA,NA,NA,NA,NA,NA,NA,NA,NA,NA,NA,NA,NA,NA,NA,NA,NA,NA,NA,NA,NA,NA,NA,NA,NA,NA,NA,NA,NA,NA,NA,NA,NA,NA,NA,NA,NA,NA,NA,NA,NA,NA,NA,NA,NA,NA,NA,NA,NA,NA,NA,NA,NA
"Saint Paul MN",NA,NA,NA,NA,NA,NA,NA,NA,NA,NA,NA,NA,NA,NA,NA,NA,NA,NA,NA,NA,NA,NA,NA,NA,NA,NA,NA,NA,NA,NA,NA,NA,NA,NA,NA,NA,NA,NA,NA,NA,NA,NA,NA,NA,NA,NA,NA,NA,NA,NA,NA,NA,NA,NA,NA,NA,NA,NA,NA,NA,NA,NA,NA,NA,NA,NA,NA,NA,NA,NA,NA,NA,NA,NA,NA,NA,NA,NA,NA,NA,NA,NA,NA,NA,NA,NA,NA,NA,NA,NA,NA,NA,NA,NA,NA
"Salt Lake City UT",NA,NA,NA,NA,NA,NA,NA,NA,NA,NA,NA,NA,NA,NA,NA,NA,NA,NA,NA,NA,NA,NA,NA,NA,NA,NA,NA,NA,NA,NA,NA,NA,NA,NA,NA,NA,NA,NA,NA,NA,NA,NA,NA,NA,NA,NA,NA,NA,NA,NA,NA,NA,NA,NA,NA,NA,NA,NA,NA,NA,NA,NA,NA,NA,NA,NA,NA,NA,NA,NA,NA,NA,NA,NA,NA,NA,NA,NA,NA,NA,NA,NA,NA,NA,NA,NA,NA,NA,NA,NA,NA,NA,NA,NA,NA
"San Antonio TX",NA,NA,NA,NA,NA,NA,NA,NA,NA,NA,NA,NA,NA,NA,NA,NA,NA,NA,NA,NA,NA,NA,NA,NA,NA,NA,NA,NA,NA,NA,NA,NA,NA,NA,NA,NA,NA,NA,NA,NA,NA,NA,NA,NA,NA,NA,NA,NA,NA,NA,NA,NA,NA,NA,NA,NA,NA,NA,NA,NA,NA,NA,NA,NA,NA,NA,NA,NA,NA,NA,NA,NA,NA,NA,NA,NA,NA,NA,NA,NA,NA,NA,NA,NA,NA,NA,NA,NA,NA,NA,NA,NA,NA,NA,NA
"San Diego CA",NA,NA,NA,NA,NA,NA,NA,NA,NA,NA,NA,NA,NA,NA,NA,NA,NA,NA,NA,NA,NA,NA,NA,NA,NA,NA,NA,NA,NA,NA,NA,NA,NA,NA,NA,NA,NA,NA,NA,NA,NA,NA,NA,NA,NA,NA,NA,NA,NA,NA,NA,NA,NA,NA,NA,NA,NA,NA,NA,NA,NA,NA,NA,NA,NA,NA,NA,NA,NA,NA,NA,NA,NA,NA,NA,NA,NA,NA,NA,NA,NA,NA,NA,NA,NA,NA,NA,NA,NA,NA,NA,NA,NA,NA,NA
"San Francisco CA",NA,NA,NA,NA,NA,NA,NA,NA,NA,NA,NA,NA,NA,NA,NA,NA,NA,NA,NA,NA,NA,NA,NA,NA,NA,NA,NA,NA,NA,NA,NA,NA,NA,NA,NA,NA,NA,NA,NA,NA,NA,NA,NA,NA,NA,NA,NA,NA,NA,NA,NA,NA,NA,NA,NA,NA,NA,NA,NA,NA,NA,NA,NA,NA,NA,NA,NA,NA,NA,NA,NA,NA,NA,NA,NA,NA,NA,NA,NA,NA,NA,NA,NA,NA,NA,NA,NA,NA,NA,NA,NA,NA,NA,NA,NA
"San Jose CA",NA,NA,NA,NA,NA,NA,NA,NA,NA,NA,NA,NA,NA,NA,NA,NA,NA,NA,NA,NA,NA,NA,NA,NA,NA,NA,NA,NA,NA,NA,NA,NA,NA,NA,NA,NA,NA,NA,NA,NA,NA,NA,NA,NA,NA,NA,NA,NA,NA,NA,NA,NA,NA,NA,NA,NA,NA,NA,NA,NA,NA,NA,NA,NA,NA,NA,NA,NA,NA,NA,NA,NA,NA,NA,NA,NA,NA,NA,NA,NA,NA,NA,NA,NA,NA,NA,NA,NA,NA,NA,NA,NA,NA,NA,NA
"Santa Clara CA",NA,NA,NA,NA,NA,NA,NA,NA,NA,NA,NA,NA,NA,NA,NA,NA,NA,NA,NA,NA,NA,NA,NA,NA,NA,NA,NA,NA,NA,NA,NA,NA,NA,NA,NA,NA,NA,NA,NA,NA,NA,NA,NA,NA,NA,NA,NA,NA,NA,NA,NA,NA,NA,NA,NA,NA,NA,NA,NA,NA,NA,NA,NA,NA,NA,NA,NA,NA,NA,NA,NA,NA,NA,NA,NA,NA,NA,NA,NA,NA,NA,NA,NA,NA,NA,NA,NA,NA,NA,NA,NA,NA,NA,NA,NA
"Scottsdale AZ",NA,NA,NA,NA,NA,NA,NA,NA,NA,NA,NA,NA,NA,NA,NA,NA,NA,NA,NA,NA,NA,NA,NA,NA,NA,NA,NA,NA,NA,NA,NA,NA,NA,NA,NA,NA,NA,NA,NA,NA,NA,NA,NA,NA,NA,NA,NA,NA,NA,NA,NA,NA,NA,NA,NA,NA,NA,NA,NA,NA,NA,NA,NA,NA,NA,NA,NA,NA,NA,NA,NA,NA,NA,NA,NA,NA,NA,NA,NA,NA,NA,NA,NA,NA,NA,NA,NA,NA,NA,NA,NA,NA,NA,NA,NA
"Seattle WA",NA,NA,NA,NA,NA,NA,NA,NA,NA,NA,NA,NA,NA,NA,NA,NA,NA,NA,NA,NA,NA,NA,NA,NA,NA,NA,NA,NA,NA,NA,NA,NA,NA,NA,NA,NA,NA,NA,NA,NA,NA,NA,NA,NA,NA,NA,NA,NA,NA,NA,NA,NA,NA,NA,NA,NA,NA,NA,NA,NA,NA,NA,NA,NA,NA,NA,NA,NA,NA,NA,NA,NA,NA,NA,NA,NA,NA,NA,NA,NA,NA,NA,NA,NA,NA,NA,NA,NA,NA,NA,NA,NA,NA,NA,NA
"Somerville MA",NA,NA,NA,NA,NA,NA,NA,NA,NA,NA,NA,NA,NA,NA,NA,NA,NA,NA,NA,NA,NA,NA,NA,NA,NA,NA,NA,NA,NA,NA,NA,NA,NA,NA,NA,NA,NA,NA,NA,NA,NA,NA,NA,NA,NA,NA,NA,NA,NA,NA,NA,NA,NA,NA,NA,NA,NA,NA,NA,NA,NA,NA,NA,NA,NA,NA,NA,NA,NA,NA,NA,NA,NA,NA,NA,NA,NA,NA,NA,NA,NA,NA,NA,NA,NA,NA,NA,NA,NA,NA,NA,NA,NA,NA,NA
"Spokane WA",NA,NA,NA,NA,NA,NA,NA,NA,NA,NA,NA,NA,NA,NA,NA,NA,NA,NA,NA,NA,NA,NA,NA,NA,NA,NA,NA,NA,NA,NA,NA,NA,NA,NA,NA,NA,NA,NA,NA,NA,NA,NA,NA,NA,NA,NA,NA,NA,NA,NA,NA,NA,NA,NA,NA,NA,NA,NA,NA,NA,NA,NA,NA,NA,NA,NA,NA,NA,NA,NA,NA,NA,NA,NA,NA,NA,NA,NA,NA,NA,NA,NA,NA,NA,NA,NA,NA,NA,NA,NA,NA,NA,NA,NA,NA
"Springfield MO",NA,NA,NA,NA,NA,NA,NA,NA,NA,NA,NA,NA,NA,NA,NA,NA,NA,NA,NA,NA,NA,NA,NA,NA,NA,NA,NA,NA,NA,NA,NA,NA,NA,NA,NA,NA,NA,NA,NA,NA,NA,NA,NA,NA,NA,NA,NA,NA,NA,NA,NA,NA,NA,NA,NA,NA,NA,NA,NA,NA,NA,NA,NA,NA,NA,NA,NA,NA,NA,NA,NA,NA,NA,NA,NA,NA,NA,NA,NA,NA,NA,NA,NA,NA,NA,NA,NA,NA,NA,NA,NA,NA,NA,NA,NA
"State College PA",NA,NA,NA,NA,NA,NA,NA,NA,NA,NA,NA,NA,NA,NA,NA,NA,NA,NA,NA,NA,NA,NA,NA,NA,NA,NA,NA,NA,NA,NA,NA,NA,NA,NA,NA,NA,NA,NA,NA,NA,NA,NA,NA,NA,NA,NA,NA,NA,NA,NA,NA,NA,NA,NA,NA,NA,NA,NA,NA,NA,NA,NA,NA,NA,NA,NA,NA,NA,NA,NA,NA,NA,NA,NA,NA,NA,NA,NA,NA,NA,NA,NA,NA,NA,NA,NA,NA,NA,NA,NA,NA,NA,NA,NA,NA
"Sunnyvale CA",NA,NA,NA,NA,NA,NA,NA,NA,NA,NA,NA,NA,NA,NA,NA,NA,NA,NA,NA,NA,NA,NA,NA,NA,NA,NA,NA,NA,NA,NA,NA,NA,NA,NA,NA,NA,NA,NA,NA,NA,NA,NA,NA,NA,NA,NA,NA,NA,NA,NA,NA,NA,NA,NA,NA,NA,NA,NA,NA,NA,NA,NA,NA,NA,NA,NA,NA,NA,NA,NA,NA,NA,NA,NA,NA,NA,NA,NA,NA,NA,NA,NA,NA,NA,NA,NA,NA,NA,NA,NA,NA,NA,NA,NA,NA
"Tampa FL",NA,NA,NA,NA,NA,NA,NA,NA,NA,NA,NA,NA,NA,NA,NA,NA,NA,NA,NA,NA,NA,NA,NA,NA,NA,NA,NA,NA,NA,NA,NA,NA,NA,NA,NA,NA,NA,NA,NA,NA,NA,NA,NA,NA,NA,NA,NA,NA,NA,NA,NA,NA,NA,NA,NA,NA,NA,NA,NA,NA,NA,NA,NA,NA,NA,NA,NA,NA,NA,NA,NA,NA,NA,NA,NA,NA,NA,NA,NA,NA,NA,NA,NA,NA,NA,NA,NA,NA,NA,NA,NA,NA,NA,NA,NA
"Tempe AZ",NA,NA,NA,NA,NA,NA,NA,NA,NA,NA,NA,NA,NA,NA,NA,NA,NA,NA,NA,NA,NA,NA,NA,NA,NA,NA,NA,NA,NA,NA,NA,NA,NA,NA,NA,NA,NA,NA,NA,NA,NA,NA,NA,NA,NA,NA,NA,NA,NA,NA,NA,NA,NA,NA,NA,NA,NA,NA,NA,NA,NA,NA,NA,NA,NA,NA,NA,NA,NA,NA,NA,NA,NA,NA,NA,NA,NA,NA,NA,NA,NA,NA,NA,NA,NA,NA,NA,NA,NA,NA,NA,NA,NA,NA,NA
"Tucson AZ",NA,NA,NA,NA,NA,NA,NA,NA,NA,NA,NA,NA,NA,NA,NA,NA,NA,NA,NA,NA,NA,NA,NA,NA,NA,NA,NA,NA,NA,NA,NA,NA,NA,NA,NA,NA,NA,NA,NA,NA,NA,NA,NA,NA,NA,NA,NA,NA,NA,NA,NA,NA,NA,NA,NA,NA,NA,NA,NA,NA,NA,NA,NA,NA,NA,NA,NA,NA,NA,NA,NA,NA,NA,NA,NA,NA,NA,NA,NA,NA,NA,NA,NA,NA,NA,NA,NA,NA,NA,NA,NA,NA,NA,NA,NA
"Tulsa OK",NA,NA,NA,NA,NA,NA,NA,NA,NA,NA,NA,NA,NA,NA,NA,NA,NA,NA,NA,NA,NA,NA,NA,NA,NA,NA,NA,NA,NA,NA,NA,NA,NA,NA,NA,NA,NA,NA,NA,NA,NA,NA,NA,NA,NA,NA,NA,NA,NA,NA,NA,NA,NA,NA,NA,NA,NA,NA,NA,NA,NA,NA,NA,NA,NA,NA,NA,NA,NA,NA,NA,NA,NA,NA,NA,NA,NA,NA,NA,NA,NA,NA,NA,NA,NA,NA,NA,NA,NA,NA,NA,NA,NA,NA,NA
"WASHINGTON DC",NA,NA,NA,NA,NA,NA,NA,NA,NA,NA,NA,NA,NA,NA,NA,NA,NA,NA,NA,NA,NA,NA,NA,NA,NA,NA,NA,NA,NA,NA,NA,NA,NA,NA,NA,NA,NA,NA,NA,NA,NA,NA,NA,NA,NA,NA,NA,NA,NA,NA,NA,NA,NA,NA,NA,NA,NA,NA,NA,NA,NA,NA,NA,NA,NA,NA,NA,NA,NA,NA,NA,NA,NA,NA,NA,NA,NA,NA,NA,NA,NA,NA,NA,NA,NA,NA,NA,NA,NA,NA,NA,NA,NA,NA,NA
"Wichita KS",NA,NA,NA,NA,NA,NA,NA,NA,NA,NA,NA,NA,NA,NA,NA,NA,NA,NA,NA,NA,NA,NA,NA,NA,NA,NA,NA,NA,NA,NA,NA,NA,NA,NA,NA,NA,NA,NA,NA,NA,NA,NA,NA,NA,NA,NA,NA,NA,NA,NA,NA,NA,NA,NA,NA,NA,NA,NA,NA,NA,NA,NA,NA,NA,NA,NA,NA,NA,NA,NA,NA,NA,NA,NA,NA,NA,NA,NA,NA,NA,NA,NA,NA,NA,NA,NA,NA,NA,NA,NA,NA,NA,NA,NA,NA
